引索,zh,en
新游戏,新游戏,New Game
继续游戏,继续游戏,Load Game
游戏设置,游戏设置,Option
退出,退出,Eixt
角色选择,角色选择,CharacterSelect
设置,设置,Settings
语言,语言,Language
声音,声音,Sound
键位控制,键位控制,Controls
BGM音量,BGM音量,BGMvolume
SE音量,SE音量,SEvolume
全屏,全屏,Full Screen
开,开,On
关,关,Off
窗口分辨率,窗口分辨率,Window Resolution
Debug模式,Debug模式,DebugMode
上,上,Up
下,下,Down
左,左,Left
右,右,Right
攻击,攻击,Attack
跳跃,跳跃,Jump
翻滚,翻滚,Roll
切换,切换,Change
暂停,暂停,Pause
确定,确定,Confirm
返回,返回,Back
取消,取消,Cancel
无法开始游戏,"Fake\SuperSonia是一款由玩家原创内#容构成的平台冒险游戏,#按Z打开创意工坊订阅地图吧","Fake/SuperSonia is a platform adventure game # composed of original content.# Now, let's press Z to see other people's highlights"
创意工坊,创意工坊,Steam Workshop
开始游戏,开始游戏,Start game
给房间取个名字,给地图取个名字,Name the map
是否覆盖,是否覆盖,Coverage?
地图描述,地图描述,Map description
选择封面 并且小于1M,选择封面 并且小于1M,Select a picture for cover that less than 1M size.
没有选择图案,没有选择图案,No patterns selected
图案大于1M,图案大于1M,The pattern is larger than 1M
更新描述,更新描述,Update description
上传成功,上传成功,Upload successfully
制作新地图,制作新地图,Make a new map
无名,无名,Unknown
是否重做,是否重做？,Redo？
显示,显示,display
没有保存 是否继续编辑,没有保存 是否继续编辑?,This map is not saved. Do you want to continue editing?
是否继续编辑,是否继续编辑 ?,Do you want to continue editing?
没保存无法上传,没保存无法上传,"Cannot save, cannot upload"
上传成功,上传成功,Upload successfully
保存成功,保存成功,Save Map
教学关卡,教学关卡,Teaching barrier
打开创意工坊,打开创意工坊,Open creative workshop
查看订阅,查看订阅,View subscriptions
